_id,Film,Genre,Lead Studio,Audience score %,Profitability,Rotten Tomatoes %,Worldwide Gross,Year
5e93eff5d8aa005a58574fde,The Proposal,Comedy,Disney,74,7.8675,43,$314.70 ,2009
5e93eff5d8aa005a58574ff0,One Day,Romance,Independent,54,3.682733333,37,$55.24 ,2011
5e93eff5d8aa005a58575005,Killers,Action,Lionsgate,45,1.245333333,11,$93.40 ,2010
5e93eff5d8aa005a5857500d,Going the Distance,Comedy,Warner Bros.,56,1.3140625,53,$42.05 ,2010
5e93eff5d8aa005a58574fdf,The Invention of Lying,Comedy,Warner Bros.,47,1.751351351,56,$32.40 ,2009
5e93eff5d8aa005a58574fe8,Sex and the City 2,Comedy,Warner Bros.,49,2.8835,15,$288.35 ,2010
5e93eff5d8aa005a58574ffb,Mamma Mia!,Comedy,Universal,76,9.234453864,53,$609.47 ,2008
5e93eff5d8aa005a58575006,Just Wright,Comedy,Fox,58,1.797416667,45,$21.57 ,2010
5e93eff5d8aa005a58574fce,Zack and Miri Make a Porno,Romance,The Weinstein Company,70,1.747541667,64,$41.94 ,2008
5e93eff5d8aa005a58574fd1,When in Rome,Comedy,Disney,44,0,15,$43.04 ,2010
5e93eff5d8aa005a58574fdc,The Twilight Saga: New Moon,Drama,Summit,78,14.1964,27,$709.82 ,2009
5e93eff5d8aa005a58574fe7,Sex and the City Two,Comedy,Warner Bros.,49,2.8835,15,$288.35 ,2010
5e93eff5d8aa005a58574fe9,Sex and the City,Comedy,Warner Bros.,81,7.221795791,49,$415.25 ,2008
5e93eff5d8aa005a58575009,I Love You Phillip Morris,Comedy,Independent,57,1.34,71,$20.10 ,2010
5e93eff5d8aa005a58574fd2,What Happens in Vegas,Comedy,Fox,72,6.267647029,28,$219.37 ,2008
5e93eff5d8aa005a58574fdd,"The Time Traveler's Wife",Drama,Paramount,65,2.598205128,38,$101.33 ,2009
5e93eff5d8aa005a58574ff7,Monte Carlo,Romance,20th Century Fox,50,1.9832,38,$39.66 ,2011
5e93eff5d8aa005a58574ff9,Midnight in Paris,Romence,Sony,84,8.744705882,93,$148.66 ,2011
5e93eff5d8aa005a58575002,Letters to Juliet,Comedy,Summit,62,2.639333333,40,$79.18 ,2010
5e93eff5d8aa005a5857500c,Good Luck Chuck,Comedy,Lionsgate,61,2.36768512,3,$59.19 ,2007
5e93eff5d8aa005a58574fd5,Waitress,Romance,Independent,67,11.0897415,89,$22.18 ,2007
5e93eff5d8aa005a58574fe5,Something Borrowed,Romance,Independent,48,1.719514286,15,$60.18 ,2011
5e93eff5d8aa005a58574ff2,No Reservations,Comedy,Warner Bros.,64,3.307180357,39,$92.60 ,2007
5e93eff5d8aa005a58574fd3,Water For Elephants,Drama,20th Century Fox,72,3.081421053,60,$117.09 ,2011
5e93eff5d8aa005a58574fdb,The Ugly Truth,Comedy,Independent,68,5.402631579,14,$205.30 ,2009
5e93eff5d8aa005a58574fe3,The Back-up Plan,Comedy,CBS,47,2.202571429,20,$77.09 ,2010
5e93eff5d8aa005a58574fe6,"She's Out of My League",Comedy,Paramount,60,2.4405,57,$48.81 ,2010
5e93eff5d8aa005a58574fec,Penelope,Comedy,Summit,74,1.382799733,52,$20.74 ,2008
5e93eff5d8aa005a58575000,Life as We Know It,Comedy,Independent,62,2.530526316,28,$96.16 ,2010
5e93eff5d8aa005a58574fe4,Tangled,Animation,Disney,88,1.365692308,89,$355.01 ,2010
5e93eff5d8aa005a58574fef,Our Family Wedding,Comedy,Independent,49,0,14,$21.37 ,2010
5e93eff5d8aa005a58574fd4,WALL-E,Animation,Disney,89,2.896019067,96,$521.28 ,2008
5e93eff5d8aa005a58574fd9,Twilight: Breaking Dawn,Romance,Independent,68,6.383363636,26,$702.17 ,2011
5e93eff5d8aa005a58574fda,Twilight,Romance,Summit,82,10.18002703,49,$376.66 ,2008
5e93eff5d8aa005a58574ff1,Not Easily Broken,Drama,Independent,66,2.14,34,$10.70 ,2009
5e93eff5d8aa005a58574fff,Love & Other Drugs,Comedy,Fox,55,1.817666667,48,$54.53 ,2010
5e93eff5d8aa005a58574fcf,Youth in Revolt,Comedy,The Weinstein Company,52,1.09,68,$19.62 ,2010
5e93eff5d8aa005a58574ff5,My Week with Marilyn,Drama,The Weinstein Company,84,0.8258,83,$8.26 ,2011
5e93eff5d8aa005a58574ffd,Made of Honor,Comdy,Sony,61,2.64906835,13,$105.96 ,2008
5e93eff5d8aa005a58575003,Leap Year,Comedy,Universal,49,1.715263158,21,$32.59 ,2010
5e93eff5d8aa005a58575007,Jane Eyre,Romance,Universal,77,0,85,$30.15 ,2011
5e93eff5d8aa005a58574fe0,The Heartbreak Kid,Comedy,Paramount,41,2.129444167,30,$127.77 ,2007
5e93eff5d8aa005a58574ffc,Mamma Mia!,Comedy,Universal,76,9.234453864,53,$609.47 ,2008
5e93eff5d8aa005a5857500b,"He's Just Not That Into You",Comedy,Warner Bros.,60,7.1536,42,$178.84 ,2009
5e93eff5d8aa005a58574fd7,"Valentine's Day",Comedy,Warner Bros.,54,4.184038462,17,$217.57 ,2010
5e93eff5d8aa005a58574fed,P.S. I Love You,Romance,Independent,82,5.103116833,21,$153.09 ,2007
5e93eff5d8aa005a58574ff4,"New Year's Eve",Romance,Warner Bros.,48,2.536428571,8,$142.04 ,2011
5e93eff5d8aa005a58574ffa,Marley and Me,Comedy,Fox,77,3.746781818,63,$206.07 ,2008
5e93eff5d8aa005a58574fd0,You Will Meet a Tall Dark Stranger,Comedy,Independent,35,1.211818182,43,$26.66 ,2010
5e93eff5d8aa005a58574fe1,The Duchess,Drama,Paramount,68,3.207850222,60,$43.31 ,2008
5e93eff5d8aa005a58574fe2,The Curious Case of Benjamin Button,Fantasy,Warner Bros.,81,1.78394375,73,$285.43 ,2008
5e93eff5d8aa005a58574fea,Remember Me,Drama,Summit,70,3.49125,28,$55.86 ,2010
5e93eff5d8aa005a58574fee,Over Her Dead Body,Comedy,New Line,47,2.071,15,$20.71 ,2008
5e93eff5d8aa005a58574ff6,Music and Lyrics,Romance,Warner Bros.,70,3.64741055,63,$145.90 ,2007
5e93eff5d8aa005a58574ff8,Miss Pettigrew Lives for a Day,Comedy,Independent,70,0.2528949,78,$15.17 ,2008
5e93eff5d8aa005a58575008,"It's Complicated",Comedy,Universal,63,2.642352941,56,$224.60 ,2009
5e93eff5d8aa005a58574fd6,Waiting For Forever,Romance,Independent,53,0.005,6,$0.03 ,2011
5e93eff5d8aa005a58574ffe,Love Happens,Drama,Universal,40,2.004444444,18,$36.08 ,2009
5e93eff5d8aa005a58575001,License to Wed,Comedy,Warner Bros.,55,1.9802064,8,$69.31 ,2007
5e93eff5d8aa005a58574fd8,"Tyler Perry's Why Did I get Married",Romance,Independent,47,3.7241924,46,$55.86 ,2007
5e93eff5d8aa005a58574feb,Rachel Getting Married,Drama,Independent,61,1.384166667,85,$16.61 ,2008
5e93eff5d8aa005a58574ff3,"Nick and Norah's Infinite Playlist",Comedy,Sony,67,3.3527293,73,$33.53 ,2008
5e93eff5d8aa005a58575004,Knocked Up,Comedy,Universal,83,6.636401848,91,$219 ,2007
5e93eff5d8aa005a5857500a,High School Musical 3: Senior Year,Comedy,Disney,76,22.91313646,65,$252.04 ,2008
5e93eff5d8aa005a58575016,Across the Universe,romance,Independent,84,0.652603178,54,$29.37 ,2007
5e93eff5d8aa005a58575019,27 Dresses,Comedy,Fox,71,5.3436218,40,$160.31 ,2008
5e93eff5d8aa005a58575013,Enchanted,Comedy,Disney,80,4.005737082,93,$340.49 ,2007
5e93eff5d8aa005a58575014,Dear John,Drama,Sony,66,4.5988,29,$114.97 ,2010
5e93eff5d8aa005a58575010,Ghosts of Girlfriends Past,Comedy,Warner Bros.,47,2.0444,27,$102.22 ,2009
5e93eff5d8aa005a58575015,Beginners,Comedy,Independent,80,4.471875,84,$14.31 ,2011
5e93eff5d8aa005a5857500e,Gnomeo and Juliet,Animation,Disney,52,5.387972222,56,$193.97 ,2011
5e93eff5d8aa005a58575012,Fireproof,Drama,Independent,51,66.934,40,$33.47 ,2008
5e93eff5d8aa005a5857500f,Gnomeo and Juliet,Animation,Disney,52,5.387972222,56,$193.97 ,2011
5e93eff5d8aa005a58575011,Four Christmases,Comedy,Warner Bros.,52,2.022925,26,$161.83 ,2008
5e93eff5d8aa005a58575017,A Serious Man,Drama,Universal,64,4.382857143,89,$30.68 ,2009
5e93eff5d8aa005a58575018,A Dangerous Method,Drama,Independent,89,0.44864475,79,$8.97 ,2011